,id,label,,,,,
0,M1.jpg,1,,,,,
1,M2.jpeg,1,,,,,
2,M3.jpeg,1,,,,,
3,M4.jpeg,1,,,,,
4,M5.jpeg,1,,,,,
5,M6.jpeg,1,,,,,
6,M7.jpeg,1,,,,,
7,M8.jpeg,1,,,,,
8,H1.jpg,2,,,,,
9,H2.jpg,2,,,,,
10,H3.jpg,2,,,,,
11,H4.jpeg,2,,,,,
12,H5.jpeg,2,,,,,
13,H6.jpeg,2,,,,,
14,H7.jpeg,2,,,,,
15,H8.jpeg,2,,,,,
16,H9.jpeg,2,,,,,
17,H10.jpeg,2,,,,,
18,H11.jpeg,2,,,,,
19,I1.jpeg,3,,,,,
20,I2.jpeg,3,,,,,
21,I3.jpeg,3,,,,,
22,I4.jpeg,3,,,,,
23,I5.jpeg,3,,,,,
24,I6.jpeg,3,,,,,
25,I7.jpeg,3,,,,,
26,I8.jpeg,3,,,,,
27,I9.jpeg,3,,,,,
28,O1.jpeg,4,,,,,
29,O2.jpeg,4,,,,,
30,O3.jpeg,4,,,,,
31,O4.jpeg,4,,,,,
32,O5.jpeg,4,,,,,
33,O6.jpeg,4,,,,,
34,O7.jpeg,4,,,,,
35,O8.jpeg,4,,,,,
36,O9.jpeg,4,,,,,
37,O10.jpeg,4,,,,,
38,O11.jpeg,4,,,,,
39,O12.jpeg,4,,,,,
40,T1.jpg,5,,,,,
41,T2.jpeg,5,,,,,
42,T3.jpeg,5,,,,,
43,T4.jpeg,5,,,,,
44,T5.jpeg,5,,,,,
45,T6.jpeg,5,,,,,
46,T7.jpeg,5,,,,,
47,T8.jpeg,5,,,,,
48,T9.jpeg,5,,,,,
49,T10.jpeg,5,,,,,
50,Unknown.jpeg,1,,,,,
51,Unknown-1.jpeg,1,,,,,
52,Unknown-2.jpeg,1,,,,,
53,Unknown-3.jpeg,1,,,,,
54,Unknown-4.jpeg,1,,,,,
55,Unknown-5.jpeg,1,,,,,
56,Unknown-6.jpeg,1,,,,,
57,Unknown-7.jpeg,1,,,,,
58,Unknown-8.jpeg,1,,,,,
59,Unknown-9.jpeg,1,,,,,
60,Unknown-10.jpeg,1,,,,,
61,Unknown-11.jpeg,1,,,,,
62,Unknown-12.jpeg,1,,,,,
63,Unknown-13.jpeg,1,,,,,
64,Unknown-14.jpeg,1,,,,,
65,Unknown-15.jpeg,1,,,,,
66,Unknown-16.jpeg,1,,,,,
67,Unknown-17.jpeg,1,,,,,
68,Unknown-18.jpeg,1,,,,,
69,Unknown-19.jpeg,1,,,,,
70,images-1.jpeg,1,,,,,
71,images-2.jpeg,1,,,,,
72,images-3.jpeg,1,,,,,
73,images-4.jpeg,1,,,,,
74,images-5.jpeg,1,,,,,
75,images-6.jpeg,1,,,,,
76,images-7.jpeg,1,,,,,
77,images-8.jpeg,1,,,,,
78,images-9.jpeg,1,,,,,
79,images-10.jpeg,1,,,,,
80,images-11.jpeg,1,,,,,
81,images-12.jpeg,1,,,,,
82,images-13.jpeg,1,,,,,
83,images-14.jpeg,1,,,,,
84,images-15.jpeg,1,,,,,
85,images-16.jpeg,1,,,,,
86,images-17.jpeg,1,,,,,
87,images-18.jpeg,1,,,,,
88,images-19.jpeg,1,,,,,
89,images-20.jpeg,1,,,,,
90,images-21.jpeg,1,,,,,
91,images-22.jpeg,1,,,,,
92,images-23.jpeg,1,,,,,
93,images-24.jpeg,1,,,,,
94,images-25.jpeg,1,,,,,
95,images-26.jpeg,1,,,,,
96,images-27.jpeg,1,,,,,
97,images-28.jpeg,1,,,,,
98,images-29.jpeg,1,,,,,
99,images-30.jpeg,1,,,,,
100,images-31.jpeg,1,,,,,
101,images-32.jpeg,1,,,,,
102,images-33.jpeg,1,,,,,
103,images-34.jpeg,1,,,,,
104,images-35.jpeg,1,,,,,
105,images-36.jpeg,1,,,,,
106,images-37.jpeg,1,,,,,
107,images-38.jpeg,1,,,,,
108,images-39.jpeg,1,,,,,
109,images-40.jpeg,1,,,,,
110,images-41.jpeg,1,,,,,
111,images-42.jpeg,1,,,,,
112,images-43.jpeg,1,,,,,
113,images-44.jpeg,1,,,,,
114,images-45.jpeg,1,,,,,
115,images-46.jpeg,1,,,,,
116,images-47.jpeg,1,,,,,
117,images-48.jpeg,1,,,,,
118,images-49.jpeg,1,,,,,
119,images-50.jpeg,1,,,,,
120,images-51.jpeg,1,,,,,
121,images-52.jpeg,1,,,,,
122,images-53.jpeg,1,,,,,
123,images-54.jpeg,1,,,,,
124,images-55.jpeg,1,,,,,
125,images-56.jpeg,1,,,,,
126,images-57.jpeg,1,,,,,
127,images-58.jpeg,1,,,,,
128,images-59.jpeg,1,,,,,
129,images-60.jpeg,1,,,,,
130,images-61.jpeg,1,,,,,
131,images-62.jpeg,1,,,,,
132,images-63.jpeg,1,,,,,
133,images-64.jpeg,1,,,,,
134,images-65.jpeg,1,,,,,
135,images-66.jpeg,1,,,,,
136,images-67.jpeg,1,,,,,
137,images-68.jpeg,1,,,,,
138,images-69.jpeg,1,,,,,
139,images-70.jpeg,1,,,,,
140,images-71.jpeg,1,,,,,
141,images-72.jpeg,1,,,,,
142,images-73.jpeg,1,,,,,
143,images-74.jpeg,1,,,,,
144,images-75.jpeg,1,,,,,
145,images-76.jpeg,1,,,,,
146,Unknown-20.jpeg,2,,,,,
147,Unknown-21.jpeg,2,,,,,
148,Unknown-22.jpeg,2,,,,,
149,Unknown-23.jpeg,2,,,,,
150,Unknown-24.jpeg,2,,,,,
151,Unknown-25.jpeg,2,,,,,
152,Unknown-26.jpeg,2,,,,,
153,Unknown-27.jpeg,2,,,,,
154,Unknown-28.jpeg,2,,,,,
155,Unknown-29.jpeg,2,,,,,
156,Unknown-30.jpeg,2,,,,,
157,Unknown-31.jpeg,2,,,,,
158,Unknown-32.jpeg,2,,,,,
159,Unknown-33.jpeg,2,,,,,
160,Unknown-34.jpeg,2,,,,,
161,Images-77.jpeg,2,,,,,
162,images-78.jpeg,2,,,,,
163,images-79.jpeg,2,,,,,
164,images-80.jpeg,2,,,,,
165,images-81.jpeg,2,,,,,
166,images-82.jpeg,2,,,,,
167,images-83.jpeg,2,,,,,
168,images-84.jpeg,2,,,,,
169,images-85.jpeg,2,,,,,
170,images-86.jpeg,2,,,,,
171,images-87.jpeg,2,,,,,
172,images-88.jpeg,2,,,,,
173,images-89.jpeg,2,,,,,
174,images-90.jpeg,2,,,,,
175,images-91.jpeg,2,,,,,
176,images-92.jpeg,2,,,,,
177,images-93.jpeg,2,,,,,
178,images-94.jpeg,2,,,,,
179,images-95.jpeg,2,,,,,
180,images-96.jpeg,2,,,,,
181,images-97.jpeg,2,,,,,
182,images-98.jpeg,2,,,,,
183,images-99.jpeg,2,,,,,
184,images-100.jpeg,2,,,,,
185,images-101.jpeg,2,,,,,
186,images-102.jpeg,2,,,,,
187,images-103.jpeg,2,,,,,
188,images-104.jpeg,2,,,,,
189,images-105.jpeg,2,,,,,
190,images-106.jpeg,2,,,,,
191,images-107.jpeg,2,,,,,
192,images-108.jpeg,2,,,,,
193,images-109.jpeg,2,,,,,
194,images-110.jpeg,2,,,,,
195,images-111.jpeg,2,,,,,
196,images-112.jpeg,2,,,,,
197,images-113.jpeg,2,,,,,
198,images-114.jpeg,2,,,,,
199,images-115.jpeg,2,,,,,
200,images-116.jpeg,2,,,,,
201,images-117.jpeg,2,,,,,
202,images-118.jpeg,2,,,,,
203,images-119.jpeg,2,,,,,
204,images-120.jpeg,2,,,,,
205,images-121.jpeg,2,,,,,
206,images-122.jpeg,2,,,,,
207,images-123.jpeg,2,,,,,
208,images-124.jpeg,2,,,,,
209,images-125.jpeg,2,,,,,
210,images-126.jpeg,2,,,,,
211,images-127.jpeg,2,,,,,
212,images-128.jpeg,2,,,,,
213,images-129.jpeg,2,,,,,
214,images-130.jpeg,2,,,,,
215,images-131.jpeg,2,,,,,
216,images-132.jpeg,2,,,,,
217,images-133.jpeg,2,,,,,
218,images-134.jpeg,2,,,,,
219,images-135.jpeg,2,,,,,
220,images-136.jpeg,2,,,,,
221,images-137.jpeg,2,,,,,
222,images-138.jpeg,2,,,,,
223,images-139.jpeg,2,,,,,
224,images-140.jpeg,2,,,,,
225,images-141.jpeg,2,,,,,
226,images-142.jpeg,2,,,,,
227,images-143.jpeg,2,,,,,
228,images-144.jpeg,2,,,,,
229,images-145.jpeg,2,,,,,
230,images-146.jpeg,2,,,,,
231,images-147.jpeg,2,,,,,
232,images-148.jpeg,2,,,,,
233,images-149.jpeg,2,,,,,
234,images-150.jpeg,2,,,,,
235,images-151.jpeg,2,,,,,
236,images-152.jpeg,2,,,,,
237,images-153.jpeg,2,,,,,
238,images-154.jpeg,2,,,,,
239,images-155.jpeg,2,,,,,
240,Unknown-35.jpeg,3,,,,,
241,Unknown-36.jpeg,3,,,,,
242,Unknown-37.jpeg,3,,,,,
243,Unknown-38.jpeg,3,,,,,
244,Unknown-39.jpeg,3,,,,,
245,Unknown-40.jpeg,3,,,,,
246,Unknown-41.jpeg,3,,,,,
247,Unknown-42.jpeg,3,,,,,
248,images-156.jpeg,3,,,,,
249,images-157.jpeg,3,,,,,
250,images-158.jpeg,3,,,,,
251,images-159.jpeg,3,,,,,
252,images-160.jpeg,3,,,,,
253,images-161.jpeg,3,,,,,
254,images-162.jpeg,3,,,,,
255,images-163.jpeg,3,,,,,
256,images-164.jpeg,3,,,,,
257,images-165.jpeg,3,,,,,
258,images-166.jpeg,3,,,,,
259,images-167.jpeg,3,,,,,
260,images-168.jpeg,3,,,,,
261,images-169.jpeg,3,,,,,
262,images-170.jpeg,3,,,,,
263,images-171.jpeg,3,,,,,
264,images-172.jpeg,3,,,,,
265,images-173.jpeg,3,,,,,
266,images-174.jpeg,3,,,,,
267,images-175.jpeg,3,,,,,
268,images-176.jpeg,3,,,,,
269,Images-177.jpeg,3,,,,,
270,images-178.jpeg,3,,,,,
271,images-179.jpeg,3,,,,,
272,images-180.jpeg,3,,,,,
273,images-181.jpeg,3,,,,,
274,images-182.jpeg,3,,,,,
275,images-183.jpeg,3,,,,,
276,images-184.jpeg,3,,,,,
277,images-185.jpeg,3,,,,,
278,images-186.jpeg,3,,,,,
279,images-187.jpeg,3,,,,,
280,images-188.jpeg,3,,,,,
281,images-189.jpeg,3,,,,,
282,images-190.jpeg,3,,,,,
283,images-191.jpeg,3,,,,,
284,images-192.jpeg,3,,,,,
285,images-193.jpeg,3,,,,,
286,images-194.jpeg,3,,,,,
287,images-195.jpeg,3,,,,,
288,images-196.jpeg,3,,,,,
289,images-197.jpeg,3,,,,,
290,images-198.jpeg,3,,,,,
291,images-199.jpeg,3,,,,,
292,images-200.jpeg,3,,,,,
293,images-201.jpeg,4,,,,,
294,images-202.jpeg,4,,,,,
295,images-203.jpeg,4,,,,,
296,images-204.jpeg,4,,,,,
297,images-205.jpeg,4,,,,,
298,images-206.jpeg,4,,,,,
299,images-207.jpeg,4,,,,,
300,images-208.jpeg,4,,,,,
301,images-209.jpeg,4,,,,,
302,images-210.jpeg,4,,,,,
303,images-211.jpeg,4,,,,,
304,images-212.jpeg,4,,,,,
305,images-213.jpeg,4,,,,,
306,images-214.jpeg,4,,,,,
307,images-215.jpeg,4,,,,,
308,images-216.jpeg,4,,,,,
309,images-217.jpeg,4,,,,,
310,images-218.jpeg,4,,,,,
311,images-219.jpeg,4,,,,,
312,images-220.jpeg,4,,,,,
313,images-221.jpeg,4,,,,,
314,images-222.jpeg,4,,,,,
315,images-223.jpeg,4,,,,,
316,images-224.jpeg,4,,,,,
317,images-225.jpeg,4,,,,,
318,images-226.jpeg,4,,,,,
319,images-227.jpeg,4,,,,,
320,images-228.jpeg,4,,,,,
321,images-229.jpeg,4,,,,,
322,images-230.jpeg,4,,,,,
323,images-231.jpeg,4,,,,,
324,images-232.jpeg,4,,,,,
325,images-233.jpeg,4,,,,,
326,images-234.jpeg,4,,,,,
327,images-235.jpeg,4,,,,,
328,images-236.jpeg,4,,,,,
329,images-237.jpeg,4,,,,,
330,images-238.jpeg,4,,,,,
331,images-239.jpeg,4,,,,,
332,images-240.jpeg,4,,,,,
333,images-241.jpeg,4,,,,,
334,images-242.jpeg,4,,,,,
335,images-243.jpeg,4,,,,,
336,images-244.jpeg,4,,,,,
337,images-245.jpeg,4,,,,,
338,images-246.jpeg,4,,,,,
339,images-247.jpeg,4,,,,,
340,images-248.jpeg,4,,,,,
341,images-249.jpeg,4,,,,,
342,images-250.jpeg,4,,,,,
343,images-251.jpeg,4,,,,,
344,images-252.jpeg,4,,,,,
345,images-253.jpeg,4,,,,,
346,images-254.jpeg,4,,,,,
347,images-255.jpeg,4,,,,,
348,images-256.jpeg,4,,,,,
349,images-257.jpeg,4,,,,,
350,images-258.jpeg,4,,,,,
351,images-259.jpeg,4,,,,,
352,images-260.jpeg,4,,,,,
353,images-261.jpeg,4,,,,,
354,images-262.jpeg,4,,,,,
355,images-263.jpeg,4,,,,,
356,images-264.jpeg,4,,,,,
357,images-265.jpeg,4,,,,,
358,images-266.jpeg,4,,,,,
359,images-267.jpeg,4,,,,,
360,images-268.jpeg,4,,,,,
361,images-269.jpeg,4,,,,,
362,images-270.jpeg,4,,,,,
363,images-271.jpeg,4,,,,,
364,images-272.jpeg,4,,,,,
365,images-273.jpeg,4,,,,,
366,images-274.jpeg,4,,,,,
367,images-275.jpeg,4,,,,,
368,images-276.jpeg,4,,,,,
369,Images-277.jpeg,5,,,,,
370,images-278.jpeg,5,,,,,
371,images-279.jpeg,5,,,,,
372,images-280.jpeg,5,,,,,
373,images-281.jpeg,5,,,,,
374,images-282.jpeg,5,,,,,
375,images-283.jpeg,5,,,,,
376,images-284.jpeg,5,,,,,
377,images-285.jpeg,5,,,,,
378,images-286.jpeg,5,,,,,
379,images-287.jpeg,5,,,,,
380,images-288.jpeg,5,,,,,
381,images-289.jpeg,5,,,,,
382,images-290.jpeg,5,,,,,
383,images-291.jpeg,5,,,,,
384,images-292.jpeg,5,,,,,
385,images-293.jpeg,5,,,,,
386,images-294.jpeg,5,,,,,
387,images-295.jpeg,5,,,,,
388,images-296.jpeg,5,,,,,
389,images-297.jpeg,5,,,,,
390,images-298.jpeg,5,,,,,
391,images-299.jpeg,5,,,,,
392,images-300.jpeg,5,,,,,
393,images-301.jpeg,5,,,,,
394,images-302.jpeg,5,,,,,
395,images-303.jpeg,5,,,,,
396,images-304.jpeg,5,,,,,
397,images-305.jpeg,5,,,,,
398,images-306.jpeg,5,,,,,
399,images-307.jpeg,5,,,,,
400,images-308.jpeg,5,,,,,
401,images-309.jpeg,5,,,,,
402,images-310.jpeg,5,,,,,
403,images-311.jpeg,5,,,,,
404,images-312.jpeg,5,,,,,
405,images-313.jpeg,5,,,,,
406,images-314.jpeg,5,,,,,
407,images-315.jpeg,5,,,,,
408,images-316.jpeg,5,,,,,
409,images-317.jpeg,5,,,,,
410,images-318.jpeg,5,,,,,
411,images-319.jpeg,5,,,,,
412,images-320.jpeg,5,,,,,
413,images-321.jpeg,5,,,,,
414,images-322.jpeg,5,,,,,
415,images-323.jpeg,5,,,,,
416,images-324.jpeg,5,,,,,
417,images-325.jpeg,5,,,,,
418,Unknown-43.jpeg,4,,,,,
419,Unknown-44.jpeg,4,,,,,
420,Unknown-45.jpeg,4,,,,,
421,Unknown-46.jpeg,4,,,,,
422,Unknown-47.jpeg,4,,,,,
423,Unknown-48.jpeg,4,,,,,
424,Unknown-49.jpeg,4,,,,,
425,Unknown-50.jpeg,4,,,,,
426,Unknown-51.jpeg,4,,,,,
427,Unknown-52.jpeg,4,,,,,
428,Unknown-53.jpeg,5,,,,,
429,Unknown-54.jpeg,5,,,,,
430,Unknown-55.jpeg,5,,,,,
431,Unknown-56.jpeg,5,,,,,
432,Unknown-57.jpeg,5,,,,,
433,Unknown-58.jpeg,5,,,,,
434,Unknown-59.jpeg,5,,,,,
435,Unknown-60.jpeg,5,,,,,
436,Unknown-61.jpeg,5,,,,,
437,Unknown-62.jpeg,5,,,,,
438,Unknown-63.jpeg,5,,,,,